key,key:userAccount,supervisor,expertise-fields,resume,link
assistant-01,user-account-assistant-01,Maria Angeles Gutierrez Mora,Lenguajes y Sistemas Informaticos,Profesora Titular de Universidad,
assistant-02,user-account-assistant-02,Maria Angeles Gutierrez Mora,Lenguajes y Sistemas Informaticos,Profesora Titular de Universidad,https://www.us.es/
assistant-03,user-account-assistant-02,V,Lenguajes y Sistemas Informaticos,Profesora Titular de Universidad,
assistant-04,user-account-assistant-01,Maria Angeles Gutierrez Mora,I,Profesora Titular de Universidad,
assistant-05,user-account-assistant-02,Maria Angeles Gutierrez Mora,Lenguajes y Sistemas Informaticos,P,
assistant-06,user-account-assistant-01,this is a sample text of 75 characters sdfañlkjfsdñfkjsdfsdfñalkjfñlkjñlkjf,Lenguajes y Sistemas Informaticos,Profesora Titular de Universidad,
assistant-07,user-account-assistant-02,Maria Angeles Gutierrez Mora,This is a sample text for 100 characters sdfslkjflkasjdlfkjañlskdjefsñdlfkjksñflksjeñlkjrslñlkjslkjl,Profesora Titular de Universidad,
assistant-08,user-account-assistant-02,Maria Angeles Gutierrez Mora,Lenguajes y Sistemas Informaticos,This is a sample text for 100 characters sdfslkjflkasjdlfkjañlskdjefsñdlfkjksñflksjeñlkjrslñlkjslkjl,
assistant-09,user-account-assistant-01,"<script>alert(""I'm hacking you!"")</script><h1></h1>",Lenguajes y Sistemas Informaticos,Profesora Titular de Universidad,
assistant-10,user-account-assistant-02,Maria Angeles Gutierrez Mora,"<script>alert(""I'm hacking you!"")</script><h1></h1>",Profesora Titular de Universidad,
assistant-11,user-account-assistant-01,Maria Angeles Gutierrez Mora,Lenguajes y Sistemas Informaticos,"<script>alert(""I'm hacking you!"")</script><h1></h1>",
assistant-12,user-account-assistant-02,هذا نص نموذجي,Lenguajes y Sistemas Informaticos,Profesora Titular de Universidad,
assistant-13,user-account-assistant-01,Maria Angeles Gutierrez Mora,هذا نص نموذجي,Profesora Titular de Universidad,
assistant-14,user-account-assistant-02,Maria Angeles Gutierrez Mora,Lenguajes y Sistemas Informaticos,هذا نص نموذجي,
